<?xml version="1.0" encoding="UTF-8"?>

<!DOCTYPE mapper PUBLIC "-//mybatis.org//DTD Mapper 3.0" 
"http://mybatis.org/dtd/mybatis-3-mapper.dtd" >


<mapper namespace = "attachment">

	<resultMap id="attachmentMap" type="attachment">
        <id property="attachmentNo" column="ATTACHMENT_NO" />
        <result property="fileOriginalName" column="FILE_ORIGINAL_NAME" />
        <result property="fileRename" column="FILE_RENAME" />
        <result property="createdAt" column="CREATED_AT" />
        <result property="attachmentProductNo" column="ATTACHMENT_PRODUCT_NO" />
        <result property="attachmentMemberNo" column="ATTACHMENT_MEMBER_NO" />
    </resultMap>
    
    <insert id="uploadProductImg" parameterType="attachment">
        INSERT INTO ATTACHMENT (
            ATTACHMENT_NO,
            FILE_ORIGINAL_NAME,
            FILE_RENAME,
            CREATED_AT,
            ATTACHMENT_PRODUCT_NO
        ) VALUES (
            'FE_' || LPAD(SEQ_ATTACHMENT_NO.NEXTVAL, 4, '0'),
            #{fileOriginalName},
            #{fileRename},
            SYSDATE,
            #{attachmentProductNo}
        )
    </insert>
    
    <insert id="uploadMemberImg" parameterType="attachment">
        INSERT INTO ATTACHMENT (
            ATTACHMENT_NO,
            FILE_ORIGINAL_NAME,
            FILE_RENAME,
            CREATED_AT,
            ATTACHMENT_MEMBER_NO
        ) VALUES (
            'FE_' || LPAD(SEQ_ATTACHMENT_NO.NEXTVAL, 4, '0'),
            #{fileOriginalName},
            #{fileRename},
            SYSDATE,
            #{attachmentMemberNo}
        )
    </insert>
    
    <!--수정-->
    <select id="selectAttachmentsByProductNo" parameterType="string" resultMap="attachmentMap">
        SELECT 
            *
        FROM ATTACHMENT
        WHERE ATTACHMENT_PRODUCT_NO = #{productNo}
        ORDER BY CREATED_AT
    </select>
    
    <delete id="deleteProductImg" parameterType="string">
    	DELETE FROM ATTACHMENT
    	WHERE ATTACHMENT_PRODUCT_NO = #{productNo}
    </delete>
    
</mapper>