<?xml version="1.0" encoding="UTF-8" ?>
<!DOCTYPE mapper PUBLIC "-//mybatis.org//DTD Mapper 3.0//EN"
    "http://mybatis.org/dtd/mybatis-3-mapper.dtd">

<mapper namespace="cartlist">
	
    <!-- 1. 좋아요 상태 확인 -->
    <select id="isCartListed" resultType="String">
    	SELECT CART_NO
    	FROM CART
    	WHERE CART_MEMBER_NO = #{memberNo}
      	AND CART_PRODUCT_NO = #{productNo}
	</select>

    <!-- 2. 좋아요 추가 -->
    <insert id="insertCart">
    INSERT INTO CART (
        CART_NO, CREATED_AT, CART_MEMBER_NO, CART_PRODUCT_NO, UPDATED_AT, IS_DELETED
    ) VALUES (
        'CT_' || LPAD(SEQ_WISHLIST_NO.NEXTVAL, 4, '0'),
        CURRENT_TIMESTAMP,
        #{memberNo},
        #{productNo},
        CURRENT_TIMESTAMP,
        'N'
    )
	</insert>

    <!-- 3. 카트 삭제 -->
    <delete id="DeleteCartStatus">
      DELETE FROM CART
      WHERE CART_MEMBER_NO = #{memberNo} 
      AND CART_PRODUCT_NO = #{productNo}
	</delete>
	
	<!--4 카트담기 한 상품만 가져오기 -->
	<select id="getCartedProducts" parameterType="string" resultType="map">
    SELECT
        c.CART_NO AS cartNo,
        p.PRODUCT_NO AS productNo,
        p.PRODUCT_NAME AS productName,
        p.PRICE AS price,
        p.TRADE_LOCATION AS tradeLocation,
        DBMS_LOB.SUBSTR(p.PRODUCT_DESCRIPTION, 4000, 1) AS productDescription,
        a.FILE_ORIGINAL_NAME AS fileOriginalName,
        a.FILE_RENAME AS fileRename
    FROM
        CART c
    JOIN
        PRODUCT p ON c.CART_PRODUCT_NO = p.PRODUCT_NO
    LEFT JOIN (
        SELECT
            ATTACHMENT_NO,
            ATTACHMENT_PRODUCT_NO,
            FILE_ORIGINAL_NAME,
            FILE_RENAME
        FROM ATTACHMENT a1
        WHERE (ATTACHMENT_NO, ATTACHMENT_PRODUCT_NO) IN (
            SELECT MAX(ATTACHMENT_NO), ATTACHMENT_PRODUCT_NO
            FROM ATTACHMENT
            GROUP BY ATTACHMENT_PRODUCT_NO
        )
    ) a ON p.PRODUCT_NO = a.ATTACHMENT_PRODUCT_NO
    WHERE
        c.CART_MEMBER_NO = #{memberNo}
        AND c.IS_DELETED = 'N'
        AND p.IS_DELETED = 'N'
	</select>
	
	
</mapper>