<?xml version="1.0" encoding="UTF-8"?>
<!DOCTYPE mapper PUBLIC "-//mybatis.org//DTD Mapper 3.0//EN"
    "http://mybatis.org/dtd/mybatis-3-mapper.dtd">

<mapper namespace="chatting">


    <resultMap id="chatRoomMap" type="com.secondhand.model.dto.chatting.ChattingRoom">
        <id property="chatRoomNo" column="CHATROOM_NO" />
        <result property="createdAt" column="CREATED_AT" />
        <result property="updatedAt" column="UPDATED_AT" />
        <result property="chatRoomMemberNo" column="CHATROOM_MEMBER_NO" />
        <result property="chatRoomProductNo" column="CHATROOM_PRODUCT_NO" />
    </resultMap>

 
    <resultMap id="messageMap" type="com.secondhand.model.dto.chatting.Message">
        <id property="messageNo" column="MESSAGE_NO" />
        <result property="messageContent" column="MESSAGE_CONTENT" />
        <result property="createdAt" column="CREATED_AT" />
        <result property="chatRoomNo" column="CHATROOM_NO" />
        <result property="senderMemberNo" column="SENDER_MEMBER_NO" />
        <result property="receiverMemberNo" column="RECEIVER_MEMBER_NO" />
    </resultMap>

    <!-- 1. 채팅방 조회 -->
    <select id="findChatRoomByMemberAndProduct" resultMap="chatRoomMap">
        SELECT CHATROOM_NO, CREATED_AT, UPDATED_AT, CHATROOM_MEMBER_NO, CHATROOM_PRODUCT_NO
        FROM CHATROOM
        WHERE CHATROOM_MEMBER_NO = #{memberNo}
          AND CHATROOM_PRODUCT_NO = #{productNo}
    </select>

    <!-- 2. 채팅방 생성 -->
    <insert id="createChatRoom" parameterType="com.secondhand.model.dto.chatting.ChattingRoom">
        INSERT INTO CHATROOM (CHATROOM_NO, CREATED_AT, UPDATED_AT, CHATROOM_MEMBER_NO, CHATROOM_PRODUCT_NO)
        VALUES (#{chatRoomNo}, CURRENT_TIMESTAMP, CURRENT_TIMESTAMP, #{chatRoomMemberNo}, #{chatRoomProductNo})
    </insert>

    <!-- 3. 메시지 저장 -->
    <insert id="saveMessage" parameterType="com.secondhand.model.dto.chatting.Message">
        INSERT INTO MESSAGE (MESSAGE_NO, MESSAGE_CONTENT, CREATED_AT, CHATROOM_NO, SENDER_MEMBER_NO, RECEIVER_MEMBER_NO)
        VALUES (#{messageNo}, #{messageContent}, CURRENT_TIMESTAMP, #{chatRoomNo}, #{senderMemberNo}, #{receiverMemberNo})
    </insert>

    <!-- 4. 특정 채팅방의 메시지 조회 -->
    <select id="getMessagesByChatRoom" resultMap="messageMap">
        SELECT MESSAGE_NO, MESSAGE_CONTENT, CREATED_AT, CHATROOM_NO, SENDER_MEMBER_NO, RECEIVER_MEMBER_NO
        FROM MESSAGE
        WHERE CHATROOM_NO = #{chatRoomNo}
        ORDER BY CREATED_AT
    </select>

    <!-- 5. 특정 상품에 대한 채팅방 목록 조회 -->
    <select id="getChatRoomsByProduct" resultMap="chatRoomMap">
        SELECT CHATROOM_NO, CREATED_AT, UPDATED_AT, CHATROOM_MEMBER_NO, CHATROOM_PRODUCT_NO
        FROM CHATROOM
        WHERE CHATROOM_PRODUCT_NO = #{productNo}
    </select>

    <!-- 6. 특정 사용자가 참여한 채팅방 목록 조회 -->
    <select id="getChatRoomsByMember" resultMap="chatRoomMap">
        SELECT CHATROOM_NO, CREATED_AT, UPDATED_AT, CHATROOM_MEMBER_NO, CHATROOM_PRODUCT_NO
        FROM CHATROOM
        WHERE CHATROOM_MEMBER_NO = #{memberNo}
    </select>

    <!-- 7. 채팅방 삭제 -->
    <delete id="deleteChatRoom">
        DELETE FROM CHATROOM WHERE CHATROOM_NO = #{chatRoomNo}
    </delete>

    <!-- 8. 메시지 삭제 -->
    <delete id="deleteMessagesByChatRoom">
        DELETE FROM MESSAGE WHERE CHATROOM_NO = #{chatRoomNo}
    </delete>
</mapper>
