<?xml version="1.0" encoding="UTF-8"?>

<!DOCTYPE mapper PUBLIC "-//mybatis.org//DTD Mapper 3.0" 
"http://mybatis.org/dtd/mybatis-3-mapper.dtd" >

<mapper namespace = "comments">
	<!-- COMMENT 댓글 -->	 
	 <resultMap id="qnaCommentMap" type="comments">
		<id column="comment_no" property="commentNo"/>
		<result column="comment_content" property="commentContent"/>
		<result column="comment_like_count" property="commentLikeCount"/>
		<result column="comment_level" property="commentLevel"/>	
		<result column="created_at" property="createdAt"/>
		<result column="updated_at" property="updatedAt"/>
		<result column="deleted_at" property="deletedAt"/> 
		<result column="is_deleted" property="isDeleted"/> 
		<result column="comment_member_no" property="commentMemberNo"/> 
		<result column="comment_qna_no" property="commentQnaNo"/> 
	</resultMap> 
 	
	
	<!-- 댓글 인서트 -->
	<insert id="insertQnaComment" parameterType="com.secondhand.model.dto.board.Comments">
	INSERT INTO COMMENTS(
	COMMENT_NO, 
	COMMENT_CONTENT,
	COMMENT_LIKE_COUNT,
	COMMENT_MEMBER_NO,
	COMMENT_QNA_NO) 
	
	VALUES(
	'CM_' || LPAD(SEQ_COMMENTS_NO.NEXTVAL, 4, '0'),
	#{commentContent},
	0,
	#{commentMemberNo},
	#{commentQnaNo})
	</insert>
	 
	<select id="selectQnaComment" parameterType="string" resultType="Comments">
    SELECT 
        COMMENT_NO AS commentNo,
        COMMENT_CONTENT AS commentContent,
        COMMENT_LIKE_COUNT AS commentLikeCount,
        CREATED_AT AS createdAt,
        UPDATED_AT AS updatedAt,
        DELETED_AT AS deletedAt,
        IS_DELETED AS isDeleted,
        COMMENT_MEMBER_NO AS commentMemberNo,
        COMMENT_QNA_NO AS commentQnaNo
    FROM 
        COMMENTS
    WHERE 
        COMMENT_QNA_NO = #{commentQnaNo}
        AND IS_DELETED = 'N'
    ORDER BY 
        CREATED_AT DESC
</select>
</mapper>