<?xml version="1.0" encoding="UTF-8"?>
<!DOCTYPE mapper PUBLIC "-//mybatis.org//DTD Mapper 3.0"
"http://mybatis.org/dtd/mybatis-3-mapper.dtd" >
<mapper namespace = "member">	
	 <resultMap id="memberMap" type="member">
	    <id property="memberNo" column="MEMBER_NO" />
	    <result property="memberId" column="MEMBER_ID" />
	    <result property="memberPwd" column="MEMBER_PWD" />
	    <result property="memberName" column="MEMBER_NAME" />
	    <result property="email" column="EMAIL" />
	    <result property="phone" column="PHONE" />
	    <result property="address" column="ADDRESS" />
	    <result property="birthday" column="BIRTHDAY" />
	    <result property="nickname" column="NICKNAME" />
	    <result property="createdAt" column="CREATED_AT" />
	    <result property="updatedAt" column="UPDATED_AT" />
	    <result property="deletedAt" column="DELETED_AT" />
	    <result property="isDeleted" column="IS_DELETED" />
	</resultMap>
	
	<select id="generateMemberNo" resultType="string">
        SELECT 'MB_' || LPAD(SEQ_MEMBER_NO.NEXTVAL, 4, '0') AS memberNo
        FROM DUAL
    </select>
    
    
	 <select id="loginInvlidCheck" resultType="com.secondhand.model.dto.member.Member" parameterType="com.secondhand.model.dto.member.Member">
			SELECT
			 	member_no AS memberNo
				,member_id AS memberId
				,MEMBER_PWD AS memberPwd
				,EMAIL
				,nickname
				,TRIM(SUBSTR(address, INSTR(address, ' ') + 1, INSTR(address, ' ', INSTR(address, ' ', INSTR(address, ' ') + 1) + 1) - INSTR(address, ' ') - 1)) AS address
			FROM MEMBER
			WHERE MEMBER_id=#{memberId} AND member_pwd=#{memberPwd}	
	</select>	
	
	<select id="selectMemberCount" resultType="_int">
		SELECT COUNT(*) FROM MEMBER
	</select>
	
	 <insert id="signupMemberWithAttachment" parameterType="member">
	 	INSERT INTO MEMBER VALUES( #{memberNo}, #{memberId}, #{memberPwd},#{email},#{phone},#{address}, #{birthday},#{nickname}, DEFAULT, DEFAULT, NULL, DEFAULT, #{memberName})
	 </insert>
	 
	 <insert id="signupMember" parameterType="member">
	 	INSERT INTO MEMBER VALUES( 'MB_' || LPAD(SEQ_MEMBER_NO.NEXTVAL, 4, '0'), #{memberId}, #{memberPwd},#{email},#{phone},#{address}, #{birthday},#{nickname}, DEFAULT, DEFAULT, NULL, DEFAULT, #{memberName})
	 </insert>
	
	 <select id="selectMemberById" parameterType="string" resultMap="memberMap">
	 	SELECT * FROM MEMBER WHERE MEMBER_ID=#{id}
	 </select>
	
	  <select id="selectMemberToFindIdPwd" parameterType="map" resultMap="memberMap">
	    SELECT *
	    FROM MEMBER
	    WHERE 1=1
	    <if test="memberId != null">
	        AND MEMBER_ID = #{memberId}
	    </if>
	    <if test="memberName != null">
	        AND MEMBER_NAME = #{memberName}
	    </if>
	    <if test="email != null">
	        AND EMAIL = #{email}
	    </if>
	</select>
	
	 <update id="updateMemberInfo" parameterType="map">
	    UPDATE MEMBER
	    <set>
	        <if test="memberPwd != null and memberPwd != ''">
	            MEMBER_PWD = #{memberPwd},
	        </if>
	        <if test="phone != null and phone != ''">
	            PHONE = #{phone},
	        </if>
	        <if test="address != null and address != ''">
	            ADDRESS = #{address},
	        </if>
	    </set>
	    WHERE MEMBER_NO = #{memberNo}
	</update>
	
	<select id="isNicknameDuplicate" parameterType="String" resultType="String">
        SELECT NICKNAME
        FROM MEMBER
        WHERE NICKNAME = #{nickname}
    </select>
    
    <select id="isPhoneDuplicate" parameterType="String" resultType="String">
        SELECT PHONE
        FROM MEMBER
        WHERE PHONE = #{phone}
    </select>
    
    <select id="isEmailDuplicate" parameterType="String" resultType="String">
        SELECT EMAIL
        FROM MEMBER
        WHERE EMAIL = #{email}
    </select>
    
	<select id="selectMemberByQnaNo" parameterType="String" resultType="member">
        SELECT *
        FROM Member
        WHERE member_no = (SELECT qna_member_no FROM qna WHERE qna_no = #{qnaNo})
    </select>
	
	
</mapper>