<?xml version="1.0" encoding="UTF-8"?>

<!DOCTYPE mapper PUBLIC "-//mybatis.org//DTD Mapper 3.0" 
"http://mybatis.org/dtd/mybatis-3-mapper.dtd" >


<mapper namespace = "member">	

	 <resultMap id="memberMap" type="member">
	    <id property="memberNo" column="MEMBER_NO" />
	    <result property="memberId" column="MEMBER_ID" />
	    <result property="memberPwd" column="MEMBER_PWD" />
	    <result property="memberName" column="MEMBER_NAME" />
	    <result property="email" column="EMAIL" />
	    <result property="phone" column="PHONE" />
	    <result property="address" column="ADDRESS" />
	    <result property="birthday" column="BIRTHDAY" />
	    <result property="nickname" column="NICKNAME" />
	    <result property="createdAt" column="CREATED_AT" />
	    <result property="updatedAt" column="UPDATED_AT" />
	    <result property="deletedAt" column="DELETED_AT" />
	    <result property="isDeleted" column="IS_DELETED" />
	</resultMap>


	<!--  <select id="loginInvlidCheck" resultType="com.gamjabat.model.dto.member.Member" parameterType="com.gamjabat.model.dto.member.Member">
			SELECT 
			 	member_no AS memberNo
				,member_id AS memberId 
				,MEMBER_PWD AS memberPwd
				,EMAIL 
			FROM MEMBER 
			WHERE MEMBER_id=#{memberId} AND member_pwd=#{memberPwd}	
	</select>	 -->
	
	<select id="selectMemberCount" resultType="_int">
		SELECT COUNT(*) FROM MEMBER
	</select>
	 
	 <insert id="signupMember" parameterType="member">
	 	INSERT INTO MEMBER VALUES('MB_' || LPAD(SEQ_MEMBER_NO.NEXTVAL, 4, '0'), #{memberId}, #{memberPwd}, #{memberName},#{email},#{phone},#{address}, #{birthday},#{nickname}, DEFAULT, DEFAULT, NULL, DEFAULT)
	 </insert>
	 
	 <select id="selectMemberById" parameterType="string" resultMap="member">
	 	SELECT * FROM MEMBER WHERE MEMBER_ID=#{id}
	 </select>
	 
	 <!-- <select id="selectMemberToFindIdPwd" parameterType="map" resultMap="memberMap">
	    SELECT *
	    FROM MEMBER
	    WHERE 1=1
	    <if test="memberId != null">
	        AND MEMBER_ID = #{memberId}
	    </if>
	    <if test="memberName != null">
	        AND MEMBER_NAME = #{memberName}
	    </if>
	    <if test="email != null">
	        AND EMAIL = #{email}
	    </if>
	</select>
	
	<update id="updateMemberInfo" parameterType="map">
	    UPDATE MEMBER
	    <set>
	        <if test="memberPwd != null and memberPwd != ''">
	            MEMBER_PWD = #{memberPwd},
	        </if>
	        <if test="phone != null and phone != ''">
	            PHONE = #{phone},
	        </if>
	        <if test="address != null and address != ''">
	            ADDRESS = #{address},
	        </if>
	    </set>
	    WHERE MEMBER_NO = #{memberNo}
	</update>
	
	<select id="selectTopLikedMembers" resultType="map">
		    SELECT 
	        MEMBER_NO AS memberNo,
	        NICKNAME AS nickname,
	        TOTAL_LIKES AS totalLikes,
	        RANK AS rank
	    FROM (
	        SELECT 
	            m.MEMBER_NO,
	            m.NICKNAME,
	            NVL(SUM(CASE WHEN l.BOARD_NO IS NOT NULL THEN 1 ELSE 0 END), 0) +
	            NVL(SUM(CASE WHEN l.COMMENT_NO IS NOT NULL THEN 1 ELSE 0 END), 0) AS TOTAL_LIKES,
	            DENSE_RANK() OVER (ORDER BY NVL(SUM(CASE WHEN l.BOARD_NO IS NOT NULL THEN 1 ELSE 0 END), 0) +
	            NVL(SUM(CASE WHEN l.COMMENT_NO IS NOT NULL THEN 1 ELSE 0 END), 0) DESC) AS RANK
	        FROM MEMBER m
	        LEFT JOIN LIKES l ON m.MEMBER_NO = l.MEMBER_NO
	        GROUP BY m.MEMBER_NO, m.NICKNAME
	    )
	    WHERE RANK &lt;= 10 AND ROWNUM &lt;= 10
	    ORDER BY RANK
	</select> --> 
	
</mapper>


