<?xml version="1.0" encoding="UTF-8"?>

<!DOCTYPE mapper PUBLIC "-//mybatis.org//DTD Mapper 3.0" 
"http://mybatis.org/dtd/mybatis-3-mapper.dtd" >


<mapper namespace = "product">	

	<resultMap id="productMap" type="product">
        <id property="productNo" column="PRODUCT_NO" />
        <result property="productName" column="PRODUCT_NAME" />
        <result property="price" column="PRICE" />
        <result property="productDescription" column="PRODUCT_DESCRIPTION" />
        <result property="hashTags" column="HASH_TAGS" />
        <result property="tradeLocation" column="TRADE_LOCATION" />
        <result property="createdAt" column="CREATED_AT" />
        <result property="updatedAt" column="UPDATED_AT" />
        <result property="deletedAt" column="DELETED_AT" />
        <result property="isDeleted" column="IS_DELETED" />
        <result property="productMemberNo" column="PRODUCT_MEMBER_NO" />
        <result property="transMethodNo" column="TRANS_METHOD_NO" />
        <result property="productCategoryNo" column="PRODUCT_CATEGORY_NO" />
        <result property="memberName" column="MEMBER_NAME" />
        <result property="nickname" column="NICKNAME" />
        <result property="transMethodName" column="TRANS_METHOD_NAME" />
        <result property="productCategoryName" column="PRODUCT_CATEGORY_NAME" />
    </resultMap>
    
    <resultMap id="productDetailMap" type="com.secondhand.model.dto.product.ProductDetail">
	    <id property="productNo" column="PRODUCT_NO" />
	    <result property="productName" column="PRODUCT_NAME" />
	    <result property="price" column="PRICE" />
	    <result property="productDescription" column="PRODUCT_DESCRIPTION" />
	    <result property="hashTags" column="HASH_TAGS" />
	    <result property="tradeLocation" column="TRADE_LOCATION" />
	    <result property="createdAt" column="CREATED_AT" />
	    <result property="updatedAt" column="UPDATED_AT" />
	    <result property="deletedAt" column="DELETED_AT" />
	    <result property="isDeleted" column="IS_DELETED" />
	    <result property="productMemberNo" column="PRODUCT_MEMBER_NO" />
	    <result property="transMethodNo" column="TRANS_METHOD_NO" />
	    <result property="productCategoryNo" column="PRODUCT_CATEGORY_NO" />
	    <result property="transMethodName" column="TRANS_METHOD_NAME" />
	    <result property="productCategoryName" column="PRODUCT_CATEGORY_NAME" />
	</resultMap>
    
    
    <select id="generateProductNo" resultType="string">
        SELECT 'PD_' || LPAD(SEQ_PRODUCT_NO.NEXTVAL, 4, '0') AS productNo
        FROM DUAL
    </select>
    
    <insert id="insertProduct" parameterType="product">
        INSERT INTO PRODUCT (
            PRODUCT_NO,
            PRODUCT_NAME,
            PRICE,
            PRODUCT_DESCRIPTION,
            HASH_TAGS,
            TRADE_LOCATION,
            CREATED_AT,
            UPDATED_AT,
            DELETED_AT,
            IS_DELETED,
            PRODUCT_MEMBER_NO,
            TRANS_METHOD_NO,
            PRODUCT_CATEGORY_NO
        ) VALUES (
            #{productNo},
            #{productName},
            #{price},
            #{productDescription},
            #{hashTags},
            #{tradeLocation},
            SYSDATE,
            SYSDATE,
            NULL,
            DEFAULT,
            #{productMemberNo},
            #{transMethodNo},
            #{productCategoryNo}
        )
    </insert>
    
    <select id="selectProductDetailByProductNo" parameterType="String" resultMap="productDetailMap">
	    SELECT 
	        p.PRODUCT_NO,
	        p.PRODUCT_NAME,
	        p.PRICE,
	        p.PRODUCT_DESCRIPTION,
	        p.HASH_TAGS,
	        p.TRADE_LOCATION,
	        p.CREATED_AT,
	        p.UPDATED_AT,
	        p.DELETED_AT,
	        p.IS_DELETED,
	        p.PRODUCT_MEMBER_NO,
	        p.TRANS_METHOD_NO,
	        p.PRODUCT_CATEGORY_NO,
	        tm.TYPE_NAME as TRANS_METHOD_NAME,
	        pc.TYPE_NAME as PRODUCT_CATEGORY_NAME
	    FROM 
	        PRODUCT p
	    LEFT JOIN MEMBER m ON p.PRODUCT_MEMBER_NO = m.MEMBER_NO
	    LEFT JOIN CODE tm ON p.TRANS_METHOD_NO = tm.TYPE_NO
	    LEFT JOIN CODE pc ON p.PRODUCT_CATEGORY_NO = pc.TYPE_NO
	    WHERE 
	        p.PRODUCT_NO = #{productNo}
	</select>
	
	<select id="selectProductByProductNo" parameterType="String" resultMap="productMap">
		SELECT * FROM PRODUCT WHERE PRODUCT_NO = #{productNo}
	</select>
	
	<select id="selectSellerInfoByProductNo" resultType="map">
        SELECT 
	        m.MEMBER_NO AS memberNo,
	        COALESCE(m.NICKNAME, m.MEMBER_ID) AS nicknameOrId,
	        TRIM(SUBSTR(address, INSTR(address, ' ') + 1, INSTR(address, ' ', INSTR(address, ' ', INSTR(address, ' ') + 1) + 1) - INSTR(address, ' ') - 1)) AS address,
	        ROUND(AVG(r.RATING), 2) AS averageRating,
	        COUNT(r.REVIEW_NO) AS reviewCount,
	        a.FILE_ORIGINAL_NAME AS fileOriginalName,
	        a.FILE_RENAME AS fileRename
	    FROM PRODUCT p
	    JOIN MEMBER m ON p.PRODUCT_MEMBER_NO = m.MEMBER_NO
	    LEFT JOIN REVIEW r ON r.REVIEW_TRANS_NO IN (
	        SELECT t.TRANS_NO 
	        FROM TRANSACTION t 
	        WHERE t.TRANS_MEMBER_NO = m.MEMBER_NO
	    )
	    LEFT JOIN ATTACHMENT a ON a.ATTACHMENT_MEMBER_NO = m.MEMBER_NO
	    WHERE p.PRODUCT_NO = #{productNo}
	    GROUP BY m.MEMBER_NO, m.NICKNAME, m.MEMBER_ID, m.ADDRESS, a.FILE_ORIGINAL_NAME, a.FILE_RENAME
    </select>
    
    <update id="updateProduct" parameterType="product">
	    UPDATE PRODUCT
	    SET
	    	PRODUCT_NAME = #{productName},
	        PRICE = #{price},
	        PRODUCT_DESCRIPTION = #{productDescription},
	        TRANS_METHOD_NO = #{transMethodNo},
	        PRODUCT_CATEGORY_NO = #{productCategoryNo},
	        TRADE_LOCATION = #{tradeLocation},
	        HASH_TAGS = #{hashTags},
	        UPDATED_AT = SYSDATE
	    WHERE PRODUCT_NO = #{productNo}
	</update>
	
	<!--다인 추가-->
	<update id="logicalDeleteProduct" parameterType="String">
    	UPDATE PRODUCT SET IS_DELETED = 'Y' WHERE PRODUCT_NO = #{productNo}
	</update>
	
	<!--다인 추가-->
	<select id="selectProductAll" parameterType="map" resultType="map">
	    SELECT *
	    FROM (
	        SELECT ROWNUM AS RNUM, result.*
			FROM (
            	SELECT p.PRODUCT_NO,
				       p.PRODUCT_NAME,
				       p.PRICE,
				       a.FILE_ORIGINAL_NAME,
				       a.FILE_RENAME
				FROM PRODUCT p
				LEFT JOIN ATTACHMENT a ON p.PRODUCT_NO = a.ATTACHMENT_PRODUCT_NO
				WHERE p.IS_DELETED = 'N'
				  AND a.CREATED_AT = (
				      SELECT MIN(a2.CREATED_AT)
				      FROM ATTACHMENT a2
				      WHERE a2.ATTACHMENT_PRODUCT_NO = a.ATTACHMENT_PRODUCT_NO
			  )
			ORDER BY p.CREATED_AT DESC
	        ) result
	    )
	    WHERE RNUM BETWEEN #{start} AND #{end}
	</select>
	
	<!--다인 추가-->
	<select id="selectProductAllCount" resultType="_int">
	    SELECT 
            COUNT(*)
        FROM 
            PRODUCT
        WHERE IS_DELETED = 'N'
	</select>

</mapper>