<?xml version="1.0" encoding="UTF-8"?>

<!DOCTYPE mapper PUBLIC "-//mybatis.org//DTD Mapper 3.0" 
"http://mybatis.org/dtd/mybatis-3-mapper.dtd" >


<mapper namespace = "product">	

	<resultMap id="productMap" type="product">
        <id property="productNo" column="PRODUCT_NO" />
        <result property="productName" column="PRODUCT_NAME" />
        <result property="price" column="PRICE" />
        <result property="productDescription" column="PRODUCT_DESCRIPTION" />
        <result property="hashTags" column="HASH_TAGS" />
        <result property="tradeLocation" column="TRADE_LOCATION" />
        <result property="createdAt" column="CREATED_AT" />
        <result property="updatedAt" column="UPDATED_AT" />
        <result property="deletedAt" column="DELETED_AT" />
        <result property="isDeleted" column="IS_DELETED" />
        <result property="productMemberNo" column="PRODUCT_MEMBER_NO" />
        <result property="transMethodNo" column="TRANS_METHOD_NO" />
        <result property="productCategoryNo" column="PRODUCT_CATEGORY_NO" />
    </resultMap>
    
    <select id="generateProductNo" resultType="string">
        SELECT 'PD_' || LPAD(SEQ_PRODUCT_NO.NEXTVAL, 4, '0') AS productNo
        FROM DUAL
    </select>
    
    <insert id="insertProduct" parameterType="product">
        INSERT INTO PRODUCT (
            PRODUCT_NO,
            PRODUCT_NAME,
            PRICE,
            PRODUCT_DESCRIPTION,
            HASH_TAGS,
            TRADE_LOCATION,
            CREATED_AT,
            UPDATED_AT,
            DELETED_AT,
            IS_DELETED,
            PRODUCT_MEMBER_NO,
            TRANS_METHOD_NO,
            PRODUCT_CATEGORY_NO
        ) VALUES (
            #{productNo},
            #{productName},
            #{price},
            #{productDescription},
            #{hashTags},
            #{tradeLocation},
            SYSDATE,
            SYSDATE,
            NULL,
            DEFAULT,
            #{productMemberNo},
            #{transMethodNo},
            #{productCategoryNo}
        )
    </insert>

</mapper>