<?xml version="1.0" encoding="UTF-8"?>
<!DOCTYPE mapper PUBLIC "-//mybatis.org//DTD Mapper 3.0//EN" "http://mybatis.org/dtd/mybatis-3-mapper.dtd" >
<mapper namespace = "qnaboard">

	<resultMap id="qnaBoardMap" type="QnaBoard">
	    <id property="qnaNo" column="QNA_NO" />
	    <result property="qnaTitle" column="QNA_TITLE" />
	    <result property="qnaContent" column="QNA_CONTENT" />
	    <result property="createdAt" column="CREATED_AT" />
	    <result property="updatedAt" column="UPDATED_AT" />
	    <result property="deletedAt" column="DELETED_AT" />
	    <result property="isDeleted" column="IS_DELETED" />
	    <result property="qnaMemberNo" column="QNA_MEMBER_NO" />
	    <result property="qnaTypeNo" column="QNA_TYPE_NO" />
	</resultMap>
	
	
	<insert id="insertQnaBoard" parameterType="qnaboard">
        INSERT INTO QNA (
            qna_no, qna_title, qna_content, created_at, updated_at, deleted_at, is_deleted, qna_member_no, qna_type_no
        ) 
        VALUES (
            #{qnaNo}, #{qnaTitle}, #{qnaContent}, #{createdAt}, #{updatedAt}, #{deletedAt}, #{isDeleted}, #{qnaMemberNo}, #{qnaTypeNo}
        )
    </insert>

    <select id="generateQnaNo" resultType="String">
        SELECT 'QA_' || LPAD(SEQ_QNA_NO.NEXTVAL, 4, '0') FROM DUAL
    </select>
    
    
   	<select id="selectQnaBoardByNo" resultType="QnABoard" parameterType="string">
        SELECT
        qna.qna_no AS qnaNo,            
        qna.qna_title AS qnaTitle,      
        qna.qna_content AS qnaContent,  
        qna.created_at AS createdAt,      
        qna.updated_at AS updatedAt,     
        qna.deleted_at AS deletedAt,    
        qna.is_deleted AS isDeleted,   
        qna.qna_member_no AS qnaMemberNo, 
        qna.qna_type_no AS qnaTypeNo,    
        m.member_id AS memberId        
        FROM QNA
        JOIN MEMBER m ON qna.qna_member_no = m.member_no  <!-- qnaMemberNo와 MEMBER 테이블의 memberNo로 JOIN -->
        WHERE qna_no = #{qnaNo}
        ORDER BY qna.created_at DESC
    </select>
    
    <select id="selectAllQnaBoards" resultType="QnaBoard">
    SELECT 
        qna.qna_no AS qnaNo,              
        qna.qna_title AS qnaTitle,       
        qna.qna_member_no AS qnaMemberNo, 
        qna.created_at AS createdAt,  
        m.member_id AS memberId         
    FROM QNA
    JOIN MEMBER m ON qna.qna_member_no = m.member_no <!-- qnaMemberNo와 MEMBER 테이블의 memberNo로 JOIN -->
    WHERE qna.is_deleted = 'N'
    ORDER BY qna.created_at DESC
	</select>
	
	<!-- 페이징 처리 -->
	<select id = "selectPagingQna" resultType="com.secondhand.model.dto.board.QnaBoard" parameterType="map">
		SELECT * FROM QNA
	</select>
	
	<select id = "selectQnaCount" resultType= "_int">
		SELECT COUNT(*) FROM QNA
	</select>
	
</mapper>
