<?xml version="1.0" encoding="UTF-8"?>
<!DOCTYPE mapper PUBLIC "-//mybatis.org//DTD Mapper 3.0//EN" "http://mybatis.org/dtd/mybatis-3-mapper.dtd" >
<mapper namespace = "report">
	
	<resultMap id="ReportMap" type="Report">
    <id property="reportNo" column="REPORT_NO" />
    <result property="reportContent" column="REPORT_CONTENT" />
    <result property="reportResult" column="REPORT_RESULT" />
    <result property="createdAt" column="CREATED_AT" javaType="java.time.LocalDateTime" />
    <result property="updatedAt" column="UPDATED_AT" javaType="java.time.LocalDateTime" />
    <result property="deletedAt" column="DELETED_AT" javaType="java.time.LocalDateTime" />
    <result property="isDeleted" column="IS_DELETED" javaType="char" />
    <result property="reportStatusNo" column="REPORT_STATUS_NO" />
    <result property="reportReasonCode" column="REPORT_REASON_CODE" />
    <result property="reportMemberNo" column="REPORT_MEMBER_NO" />
    <result property="reportTransNo" column="REPORT_TRANS_NO" />
    <result property="reportProductNo" column="REPORT_PRODUCT_NO" />
</resultMap>
	
	
	<insert id="insertReport" parameterType="report">
	    INSERT INTO REPORT (
	        REPORT_NO, 
	        REPORT_CONTENT, 
	        REPORT_RESULT, 
	        CREATED_AT, 
	        UPDATED_AT, 
	        DELETED_AT, 
	        IS_DELETED, 
	        REPORT_STATUS_NO, 
	        REPORT_REASON_CODE, 
	        REPORT_MEMBER_NO, 
	        REPORT_TRANS_NO, 
	        REPORT_PRODUCT_NO
	    )
	    VALUES (
	        #{reportNo}, 
	        #{reportContent}, 
	        #{reportResult}, 
	        #{createdAt}, 
	        #{updatedAt}, 
	        #{deletedAt}, 
	        #{isDeleted}, 
	        #{reportStatusNo}, 
	        #{reportReasonCode}, 
	        #{reportMemberNo}, 
	        #{reportTransNo}, 
	        #{reportProductNo}
	    )
	</insert>

    <select id="generateReportNo" resultType="String">
        SELECT 'RT_' || LPAD(SEQ_QNA_NO.NEXTVAL, 4, '0') AS REPORT_NO FROM DUAL
    </select>
    
    
 	 <select id="selectReportByNo" resultType="Report" parameterType="string">
    SELECT 
        REPORT_NO AS reportNo, 
        REPORT_REASON_CODE AS reportReasonCode,
        REPORT_MEMBER_NO AS reportMemberNo,
        CREATED_AT AS createdAt,
        REPORT_STATUS_NO AS reportStatusNo,
        REPORT_PRODUCT_NO AS reportProductNo,
        REPORT_CONTENT AS reportContent
    FROM REPORT
    WHERE REPORT_NO = #{reportNo}
  </select>
    
     <select id="selectAllreports" resultType="com.secondhand.admin.dto.Report">
	    SELECT 
	        REPORT.REPORT_NO AS reportNo, 
	        REPORT.REPORT_REASON_CODE AS reportReasonCode,
	        M.MEMBER_ID AS memberId, 
	        REPORT.REPORT_MEMBER_NO AS reportMemberNo,
	        REPORT.CREATED_AT AS createdAt,
	        REPORT.REPORT_STATUS_NO AS reportStatusNo,
	        REPORT.REPORT_PRODUCT_NO AS reportProductNo,
	        REPORT_CONTENT AS reportContent
	    FROM REPORT
	    JOIN MEMBER M ON REPORT.REPORT_MEMBER_NO = M.MEMBER_NO
	    JOIN PRODUCT P ON REPORT.REPORT_PRODUCT_NO = P.PRODUCT_NO
	    ORDER BY REPORT.CREATED_AT DESC
	</select>
	
	
	<!-- 3. 페이징 처리된 Report 조회 -->
  <select id="selectPagingReport" resultType="com.secondhand.admin.dto.Report" parameterType="map">
    SELECT * FROM REPORT
   
  </select>
	
	<select id="selectReportCount" resultType="int">
    SELECT COUNT(*) 
    FROM REPORT
  </select> 
	
</mapper>
