<?xml version="1.0" encoding="UTF-8" ?>
<!DOCTYPE mapper PUBLIC "-//mybatis.org//DTD Mapper 3.0//EN"
    "http://mybatis.org/dtd/mybatis-3-mapper.dtd">

<mapper namespace="wishlist">
	<resultMap id="productMap" type="product">
        <id property="productNo" column="PRODUCT_NO" />
        <result property="productName" column="PRODUCT_NAME" />
        <result property="price" column="PRICE" />
        <result property="productDescription" column="PRODUCT_DESCRIPTION" />
        <result property="hashTags" column="HASH_TAGS" />
        <result property="tradeLocation" column="TRADE_LOCATION" />
        <result property="createdAt" column="CREATED_AT" />
        <result property="updatedAt" column="UPDATED_AT" />
        <result property="deletedAt" column="DELETED_AT" />
        <result property="isDeleted" column="IS_DELETED" />
        <result property="productMemberNo" column="PRODUCT_MEMBER_NO" />
        <result property="transMethodNo" column="TRANS_METHOD_NO" />
        <result property="productCategoryNo" column="PRODUCT_CATEGORY_NO" />
        <result property="memberName" column="MEMBER_NAME" />
        <result property="nickname" column="NICKNAME" />
        <result property="transMethodName" column="TRANS_METHOD_NAME" />
        <result property="productCategoryName" column="PRODUCT_CATEGORY_NAME" />
    </resultMap>
    <!-- 1. 좋아요 상태 확인 -->
    <select id="isWishListed" resultType="String">
    	SELECT WISHLIST_NO
    	FROM WISHLIST
    	WHERE WISHLIST_MEMBER_NO = #{memberNo}
      	AND WISHLIST_PRODUCT_NO = #{productNo}
	</select>

    <!-- 2. 좋아요 추가 -->
    <insert id="insertWish">
    INSERT INTO WISHLIST (
        WISHLIST_NO, CREATED_AT, UPDATED_AT, IS_DELETED, WISHLIST_MEMBER_NO, WISHLIST_PRODUCT_NO
    ) VALUES (
        'WL_' || LPAD(SEQ_WISHLIST_NO.NEXTVAL, 4, '0'),
        CURRENT_TIMESTAMP,
        CURRENT_TIMESTAMP,
        'N',
        #{memberNo},
        #{productNo}
    )
	</insert>
	
    

    <!-- 3. 좋아요 상태 업데이트 -->
    <delete id="deleteWishStatus">
      DELETE FROM WISHLIST
      WHERE WISHLIST_MEMBER_NO = #{memberNo} 
      AND WISHLIST_PRODUCT_NO = #{productNo}
	</delete>
	
	<!--4 좋아요 한 상품만 가져오기 -->
	<select id="getLikedProducts" parameterType="string" resultType="map">
	    SELECT
	        wl.WISHLIST_NO AS wishlistNo,
	        p.PRODUCT_NO AS productNo,
	        p.PRODUCT_NAME AS productName,
	        p.PRICE AS price,
	        p.TRADE_LOCATION AS tradeLocation,
	        DBMS_LOB.SUBSTR(p.PRODUCT_DESCRIPTION, 4000, 1) AS productDescription,
	        p.PRODUCT_DESCRIPTION AS productDescription,
	        a.FILE_ORIGINAL_NAME AS fileOriginalName,
	        a.FILE_RENAME AS fileRename
	    FROM
	        WISHLIST wl
	    JOIN
	        PRODUCT p ON wl.WISHLIST_PRODUCT_NO = p.PRODUCT_NO
	    LEFT JOIN
	        ATTACHMENT a ON p.PRODUCT_NO = a.ATTACHMENT_PRODUCT_NO
	    WHERE
	        wl.WISHLIST_MEMBER_NO = #{memberNo}
	        AND wl.IS_DELETED = 'N'
	        AND p.IS_DELETED = 'N'
	</select>
	
	
</mapper>