<?xml version="1.0" encoding="UTF-8"?>
<!DOCTYPE configuration PUBLIC "-//mybatis.org//DTD Config 3.0//EN"
	"http://mybatis.org/dtd/mybatis-3-config.dtd">
<configuration>
	<properties resource="/driver.properties"></properties>
	
	<settings>
		<setting name="jdbcTypeForNull" value="NULL"/>
	</settings>
	
	<typeAliases>
    	<typeAlias alias="member" type="com.secondhand.model.dto.member.Member"/>
    	<typeAlias alias="product" type="com.secondhand.model.dto.product.Product"/>
    	<typeAlias alias="attachment" type="com.secondhand.model.dto.attachment.Attachment"/>
    	<typeAlias alias="qnaboard" type="com.secondhand.model.dto.board.QnaBoard"/>
    	<typeAlias alias="comments" type="com.secondhand.model.dto.board.Comments"/>
    </typeAliases>
    
	
	<environments default="mybatis"> <!-- id가 mybatis인 걸로 기본으로 연결 -->
		<environment id="mybatis"> <!-- 구분할 수 있는 id 필요 -->
			<transactionManager type="JDBC"/>
			<dataSource type="POOLED">
				<property name="driver" value="${driver}"/>
				<property name="url" value="${url}"/>
				<property name="username" value="${user}"/>
				<property name="password" value="${pw}"/>
			</dataSource>
		</environment>
	</environments>
	
	
	<mappers>
		<mapper resource="/mappers/member-mapper.xml"/>
		<mapper resource="/mappers/product-mapper.xml"/>
		<mapper resource="/mappers/attachment-mapper.xml"/>
		<mapper resource="/mappers/qnaboard-mapper.xml"/>
		<mapper resource="/mappers/comments-mapper.xml"/>
	</mappers>
	

	
</configuration>